component,explained_variance_ratio
PC1,0.8968795762355044
PC2,0.08250495248120346
PC3,0.014627978646754481
PC4,0.005987492636537468
