covariance_type,k,n,aic,bic,converged,n_iter,ari_with_kmeans_k3_if_k3,cluster_counts,q1_broad_eta2,q1_gap_eta2,claude_eta2
full,3,138,-97.86357336680595,83.62615511294075,True,13,0.3885018311318517,"{""1"": 40, ""2"": 22, ""3"": 76}",0.5400367818393089,0.0956720783254905,0.6317562610558147
diag,6,138,157.30304054328565,347.574530078504,True,7,,"{""1"": 19, ""2"": 21, ""3"": 23, ""4"": 21, ""5"": 2, ""6"": 52}",0.6764557725772918,0.1671354741128013,0.8099959286583313
tied,4,138,815.7316389482774,926.9672789842512,True,12,,"{""1"": 27, ""2"": 28, ""3"": 46, ""4"": 37}",0.5773021133405319,0.15044174175051,0.772733825004015
spherical,6,138,1094.9257481212098,1214.9431492126553,True,15,,"{""1"": 19, ""2"": 18, ""3"": 27, ""4"": 19, ""5"": 20, ""6"": 35}",0.6690438441771076,0.20580220808877045,0.806612024433712
