variable,vif
institutional_capacity_z,12.799366003688561
imf_aipi_index_2023_z,25.69812833987017
access_assets_z,4.224548908277898
reg_ethics_z,23.477460657921206
policy_intensity_z,2.8331234182115987
